1,Sparkleflame
2,Twilight
3,Sylvester
4,Midnight Sparks
5,Sabrina
6,Daggers
7,Bama
8,Malibu
9,El Dorado
10,Breezy
11,Nightfire
12,Barney
13,Midge
14,Thuderstorm
15,Swiftflame
16,Cassie
17,Walker
18,Lanai
19,Midnight Blossom
20,Shadow Sparkle
21,Rapidsilver
22,Duran
23,Haughty
24,Saviour
25,Pendragon
26,Rumble
27,Pluto
28,Nightflash
29,Monty
30,Saffron
31,Falcon
32,Jasper
33,Kodie
34,Crackerjack
35,Sable
36,Sunshine
37,Stormlight
38,Ceris
39,Galadrielle
40,Shining
41,Juniper
42,Remrock
43,Blustery
44,Moon Sparkle
45,Hustle
46,Cameo
47,Rapidflash
48,Epic
49,Sparkle Blossom
50,Brutus
51,Inka
52,Phantagero
53,Pansy
54,Devi
55,Chino
56,Trigger Step
57,Junior
58,Obsidian
59,Midnightheart
60,Gothard
61,Storm Sparks
62,Moonlight
63,Riley
64,Starr
65,Quick Blossom
66,Triggersilver
67,Shades
68,Cimeron
69,Tender
70,Keno
71,Akasha
72,Showdown
73,Flashfire
74,Lana
75,Elessar
76,Flicka
77,Jigsy
78,Sherreef
79,Ichabod
80,Devious
81,Count
82,June
83,Zephyr
84,Kipper
85,Cruser
86,Cade
87,Jody
88,Mania
89,Badger
90,Orion
91,Blossom
92,Lilly
93,Morning Step
94,Potato
95,Karma
96,Golden Halo
97,Super Nova
98,Queen
99,Klementine
100,Over the Rainbow
